Domain,Status,Attractiveness,Demand,Length,Sectors,Created,Expires,Registrar
one.fm,available,132,44%,3,"Business,General,Media,Technology",,,
second.fm,available,120,23%,6,"General,Mathematics",,,
tenth.fm,available,116,7%,5,Mathematics,,,
eight.fm,available,102,23%,5,"General,Mathematics",,,
sixth.fm,available,100,8%,5,Mathematics,,,
ninth.fm,available,100,9%,5,Mathematics,,,
third.fm,available,100,16%,5,Mathematics,,,
eighth.fm,available,100,6%,6,Mathematics,,,
crack.fm,available,100,20%,5,Sports,,,
twentieth.fm,available,92,3%,9,Mathematics,,,
nought.fm,available,92,4%,6,Mathematics,,,
leash.fm,available,90,7%,5,"General,Health and Fitness,Retail",,,
fifteen.fm,available,88,13%,7,Mathematics,,,
sixteen.fm,available,88,11%,7,Mathematics,,,
ace.fm,available,88,34%,3,Sports,,,
hundred.fm,available,88,14%,7,Mathematics,,,
twelve.fm,available,88,18%,6,"General,Mathematics",,,
xix.fm,available,86,11%,3,Mathematics,,,
xiv.fm,available,86,12%,3,Mathematics,,,
twentytwo.fm,available,84,11%,10,Mathematics,,,
nineteen.fm,available,84,8%,8,Mathematics,,,
thirteen.fm,available,84,10%,8,Mathematics,,,
seventeen.fm,available,84,7%,9,Mathematics,,,
twentyone.fm,available,84,13%,10,Mathematics,,,
thousand.fm,available,84,8%,8,Mathematics,,,
fourteen.fm,available,84,8%,8,Mathematics,,,
grand.fm,available,84,25%,5,"Finance,General",,,
fivesome.fm,available,82,1%,8,Sports,,,
decade.fm,resell,82,10%,6,Mathematics,15/06/2021 13:45,15/06/2026 23:59,101domain GRS Limited
dozen.fm,available,82,10%,5,Mathematics,,,
seventh.fm,available,80,10%,7,Mathematics,,,
twenty.fm,available,80,12%,6,Mathematics,,,
forty.fm,available,80,9%,5,Mathematics,,,
sixtynine.fm,available,78,8%,10,Mathematics,,,
twentysix.fm,available,78,8%,10,Mathematics,,,
nineteenth.fm,available,76,3%,10,Mathematics,,,
thousandth.fm,available,76,1%,10,Mathematics,,,
thirteenth.fm,available,76,4%,10,Mathematics,,,
firstrate.fm,available,76,6%,10,Business,,,
eighteen.fm,available,76,7%,8,Mathematics,,,
fifteenth.fm,available,76,2%,9,Mathematics,,,
fourteenth.fm,available,76,1%,10,Mathematics,,,
hundredth.fm,available,76,1%,9,Mathematics,,,
threed.fm,available,76,7%,7,Technology,,,
single.fm,available,74,19%,6,Sports,,,
ninetieth.fm,available,72,1%,9,Mathematics,,,
sixtieth.fm,available,72,1%,8,Mathematics,,,
ternary.fm,available,72,7%,7,Mathematics,,,
trinity.fm,available,72,18%,7,Religion,,,
trey.fm,available,72,14%,4,Sports,,,
seventieth.fm,available,72,1%,10,Mathematics,,,
eightieth.fm,available,72,1%,9,Mathematics,,,
tiptop.fm,available,70,24%,6,Fashion,,,
fiftieth.fm,available,68,0%,8,Mathematics,,,
threesome.fm,available,68,5%,9,Entertainment,,,
ennead.fm,available,68,5%,6,Mathematics,,,
septenary.fm,available,68,1%,9,Mathematics,,,
thirtieth.fm,available,68,1%,9,Mathematics,,,
sevener.fm,available,68,1%,7,Mathematics,,,
ane.fm,available,68,12%,3,Mathematics,,,
octonary.fm,available,68,1%,8,Mathematics,,,
foursome.fm,available,68,4%,8,Sports,,,
fortieth.fm,available,68,0%,8,Mathematics,,,
tenner.fm,available,66,5%,6,Finance,,,
xxi.fm,available,66,10%,3,Mathematics,,,
eighty.fm,available,66,6%,6,Mathematics,,,
xxv.fm,available,66,6%,3,Mathematics,,,
xvi.fm,available,66,5%,3,Mathematics,,,
xxvi.fm,available,66,3%,4,Mathematics,,,
thirty.fm,available,66,8%,6,Mathematics,,,
clv.fm,available,66,10%,3,Mathematics,,,
xiii.fm,available,66,9%,4,Mathematics,,,
sextet.fm,available,66,1%,6,Entertainment,,,
deuce.fm,available,66,9%,5,Sports,,,
six.fm,available,66,26%,3,Mathematics,,,
onec.fm,available,66,6%,5,Mathematics,,,
xii.fm,available,66,10%,3,Mathematics,,,
acappella.fm,available,66,6%,10,Entertainment,,,
xvii.fm,available,66,5%,4,Mathematics,,,
xxii.fm,available,66,6%,4,Mathematics,,,
xviii.fm,available,66,5%,5,Mathematics,,,
latest.fm,expiring,66,18%,6,Technology,15/09/2024 14:21,15/09/2025 23:59,Namecheap
fifty.fm,available,66,12%,5,Mathematics,,,
century.fm,available,66,17%,7,Education,,,
ninety.fm,available,66,11%,6,Mathematics,,,
fortyfour.fm,available,62,6%,10,Mathematics,,,
sixteenth.fm,available,62,1%,9,Mathematics,,,
longdozen.fm,available,62,2%,10,Mathematics,,,
chiliad.fm,available,62,2%,7,Mathematics,,,
twodozen.fm,available,62,1%,9,Mathematics,,,
troika.fm,available,62,8%,6,Politics,,,
quartet.fm,available,62,7%,7,"Arts,Entertainment",,,
eleventh.fm,available,62,5%,8,Mathematics,,,
eighteenth.fm,available,62,1%,10,Mathematics,,,
tertiary.fm,available,60,4%,8,Education,,,
clxx.fm,available,60,3%,4,Mathematics,,,
cxlv.fm,available,60,2%,4,Mathematics,,,
clxxx.fm,available,60,1%,5,Mathematics,,,
clxv.fm,available,60,1%,4,Mathematics,,,
cxxx.fm,available,60,4%,4,Mathematics,,,
cxxv.fm,available,60,1%,4,Mathematics,,,
clxxv.fm,available,60,1%,5,Mathematics,,,
xcl.fm,available,60,5%,3,Mathematics,,,
thou.fm,available,60,7%,4,Mathematics,,,
cxl.fm,available,60,7%,3,Mathematics,,,
sixty.fm,available,60,13%,5,Mathematics,,,
cxx.fm,available,60,10%,3,Mathematics,,,
cxxxv.fm,available,60,2%,5,Mathematics,,,
cxv.fm,available,60,4%,3,Mathematics,,,
eightysix.fm,available,60,7%,10,Mathematics,,,
eighter.fm,available,58,2%,7,Mathematics,,,
fifth.fm,available,58,12%,5,Mathematics,,,
tetrad.fm,available,58,5%,6,Mathematics,,,
seventy.fm,available,58,7%,7,Mathematics,,,
sixer.fm,available,58,5%,5,Sports,,,
sextuplet.fm,available,58,1%,9,Healthcare,,,
alacarte.fm,available,58,11%,10,Food and Beverage,,,
fourth.fm,available,58,13%,6,Mathematics,,,
sixtyone.fm,available,58,3%,9,Mathematics,,,
pentad.fm,available,58,2%,6,Mathematics,,,
heptad.fm,available,58,1%,6,Mathematics,,,
twelfth.fm,available,58,2%,7,Mathematics,,,
niner.fm,available,58,5%,5,Mathematics,,,
lxxx.fm,available,58,2%,4,Mathematics,,,
octad.fm,available,58,5%,5,Mathematics,,,
fourscore.fm,available,58,4%,9,Mathematics,,,
hexad.fm,available,58,4%,5,Mathematics,,,
centesimal.fm,available,58,1%,10,Mathematics,,,
fiftynine.fm,available,56,4%,10,Mathematics,,,
thirtyone.fm,available,56,5%,10,Mathematics,,,
xlii.fm,available,56,5%,4,Mathematics,,,
xxxv.fm,available,56,4%,4,Mathematics,,,
thirtysix.fm,available,56,5%,10,Mathematics,,,
lviii.fm,available,56,1%,5,Mathematics,,,
ilx.fm,available,56,5%,3,Mathematics,,,
xlviii.fm,available,56,1%,6,Mathematics,,,
xxxi.fm,available,56,9%,4,Mathematics,,,
xliii.fm,available,56,1%,5,Mathematics,,,
fortynine.fm,available,56,3%,10,Mathematics,,,
xxxvi.fm,available,56,1%,5,Mathematics,,,
fortyone.fm,available,56,4%,9,Mathematics,,,
xxxiv.fm,available,56,1%,5,Mathematics,,,
fiftytwo.fm,available,56,6%,9,Mathematics,,,
xxxviii.fm,available,56,1%,7,Mathematics,,,
halfdozen.fm,available,56,1%,10,Mathematics,,,
liii.fm,available,56,4%,4,Mathematics,,,
xxvii.fm,available,56,3%,5,Mathematics,,,
xxiii.fm,available,56,5%,5,Mathematics,,,
xliv.fm,available,56,2%,4,Mathematics,,,
xxxii.fm,available,56,1%,5,Mathematics,,,
fiftysix.fm,available,56,4%,9,Mathematics,,,
fortysix.fm,available,56,3%,9,Mathematics,,,
fiftyfour.fm,available,56,3%,10,Mathematics,,,
xlvii.fm,available,56,2%,5,Mathematics,,,
aone.fm,available,56,15%,5,Food and Beverage,,,
xli.fm,available,56,5%,3,Mathematics,,,
thirtytwo.fm,available,56,5%,10,Mathematics,,,
xlv.fm,available,56,6%,3,Mathematics,,,
xxviii.fm,available,56,1%,6,Mathematics,,,
xlvi.fm,available,56,3%,4,Mathematics,,,
lii.fm,available,56,7%,3,Mathematics,,,
fortytwo.fm,available,56,17%,9,Mathematics,,,
fiftyfive.fm,available,56,7%,10,Mathematics,,,
xxiv.fm,available,56,5%,4,Mathematics,,,
xxix.fm,available,56,4%,4,Mathematics,,,
fiftyone.fm,available,56,7%,9,Mathematics,,,
xxxvii.fm,available,56,2%,6,Mathematics,,,
lvi.fm,available,56,8%,3,Mathematics,,,
lvii.fm,available,56,1%,4,Mathematics,,,
xxxiii.fm,available,56,2%,6,Mathematics,,,
quaternity.fm,available,54,4%,10,Mathematics,,,
threescore.fm,available,54,1%,10,Mathematics,,,
quaternion.fm,available,54,6%,10,Mathematics,,,
quatern.fm,available,54,2%,7,Mathematics,,,
twoscore.fm,available,54,2%,8,Mathematics,,,
deuceace.fm,available,54,2%,9,Sports,,,
viii.fm,available,54,6%,4,Mathematics,,,
fortyfive.fm,available,54,4%,10,Mathematics,,,
vii.fm,available,54,13%,3,Mathematics,,,
eightyone.fm,available,52,3%,10,Mathematics,,,
lxxiv.fm,available,52,1%,5,Mathematics,,,
sixtyfive.fm,available,52,3%,10,Mathematics,,,
lxv.fm,available,52,5%,3,Mathematics,,,
xcvii.fm,available,52,1%,5,Mathematics,,,
lxxxii.fm,available,52,1%,6,Mathematics,,,
xciii.fm,available,52,1%,5,Mathematics,,,
lxxvi.fm,available,52,1%,5,Mathematics,,,
lxii.fm,available,52,1%,4,Mathematics,,,
xciv.fm,available,52,2%,4,Mathematics,,,
eightytwo.fm,available,52,4%,10,Mathematics,,,
lxxi.fm,available,52,1%,4,Mathematics,,,
ninetytwo.fm,available,52,4%,10,Mathematics,,,
xcvi.fm,available,52,2%,4,Mathematics,,,
lxviii.fm,available,52,1%,6,Mathematics,,,
lxi.fm,available,52,5%,3,Mathematics,,,
sixtyfour.fm,available,52,3%,10,Mathematics,,,
lxxxiv.fm,available,52,1%,6,Mathematics,,,
lxiv.fm,available,52,3%,4,Mathematics,,,
sixtytwo.fm,available,52,3%,9,Mathematics,,,
lxxxvi.fm,available,52,1%,6,Mathematics,,,
ixc.fm,available,52,5%,3,Mathematics,,,
ninetyone.fm,available,52,5%,10,Mathematics,,,
ixl.fm,available,52,9%,3,Mathematics,,,
lxxxi.fm,available,52,1%,5,Mathematics,,,
ninetysix.fm,available,52,4%,10,Mathematics,,,
lxxiii.fm,available,52,1%,6,Mathematics,,,
lxiii.fm,available,52,2%,5,Mathematics,,,
lxxxiii.fm,available,52,1%,7,Mathematics,,,
xcii.fm,available,52,2%,4,Mathematics,,,
lxxxv.fm,available,52,1%,5,Mathematics,,,
lxvi.fm,available,52,3%,4,Mathematics,,,
xcviii.fm,available,52,1%,6,Mathematics,,,
lxvii.fm,available,52,1%,5,Mathematics,,,
lxxvii.fm,available,52,2%,6,Mathematics,,,
lxxii.fm,available,52,1%,5,Mathematics,,,
xcv.fm,available,52,7%,3,Mathematics,,,
sixtysix.fm,available,52,4%,9,Mathematics,,,
xci.fm,available,52,4%,3,Mathematics,,,
lxxv.fm,available,52,1%,4,Mathematics,,,
lxxxvii.fm,available,52,1%,7,Mathematics,,,
triplet.fm,available,50,8%,7,Science,,,
ogdoad.fm,available,50,1%,6,Mathematics,,,
cinque.fm,available,50,7%,6,Mathematics,,,
lxx.fm,available,50,5%,3,Mathematics,,,
lxxxviii.fm,available,48,1%,8,Mathematics,,,
quaternary.fm,available,46,3%,10,Mathematics,,,